--> INSERTS FOR CD TABLE <--
INSERT INTO CD VALUES ('CD001', 'DIAMONDS', 'ROCK', 'INTERSCOPE', 17.99,
'1. YOUR SONG
2. TINY DANCER
3. ROCKET MAN
4. CROCODILE ROCK
5. DANIEL
6. SATURDAY NIGHT''S ALRIGHT (FOR FIGHTING)
7. GOODBYE YELLOW BRICK ROAD
8. CANDLE IN THE WIND
9. BENNIE AND THE JETS
10. PHILADELPHIA FREEDOM
11. ISLAND GIRL
12. DON''T GO BREAKING MY HEART [ELTON JOHN AND KIKI DEE]
13. MAMA CAN''T BUY YOU LOVE
14. I''M STILL STANDING
15. I GUESS THAT''S WHY THEY CALL IT THE BLUES
16. DON''T LET THE SUN GO DOWN ON ME [GEORGE MICHAEL AND ELTON JOHN]
17. CAN YOU FEEL THE LOVE TONIGHT', '17-NOV-17', 17, 20, 1);
INSERT INTO CD VALUES ('CD002', 'ABSOLUTE GREATEST', 'ROCK', 'HOLLYWOOD RECORDS', 22.99,
'1. WE WILL ROCK YOU
2. WE ARE THE CHAMPIONS
3. RADIO GA GA
4. ANOTHER ONE BITES THE DUST
5. I WANT IT ALL
6. CRAZY LITTLE THING CALLED LOVE
7. A KIND OF MAGIC
8. AND DAVID BOWIE UNDER PRESSURE
9. ONE VISION
10. YOU’RE MY BEST FRIEND
11. DON’T STOP ME NOW
12. KILLER QUEEN
13. THESE ARE THE DAYS OF OUR LIVES
14. WHO WANTS TO LIVE FOREVER
15. SEVEN SEAS OF RHYE
16. HEAVEN FOR EVERYONE
17. SOMEBODY TO LOVE
18. I WANT TO BREAK FREE
19. THE SHOW MUST GO ON
20. BOHEMIAN RHAPSODY', '09-NOV-17', 20, 50, 0);
INSERT INTO CD VALUES ('CD003', 'THE DARK SIDE OF THE MOON', 'ROCK', 'COLUMBIA', 16.99,
'1. SPEAK TO ME
2. BREATHE (IN THE AIR)
3. ON THE RUN
4. TIME
5. THE GREAT GIG IN THE SKY
6. MONEY
7. US AND THEM
8. ANY COLOUR YOU LIKE
9. BRAIN DAMAGE
10. ECLIPSE', '16-JAN-29', 10, 15, 2);
INSERT INTO CD VALUES ('CD004', 'ICON - QUEEN', 'ROCK', 'HOLLYWOOD', 6.99,
'1. STONE COLD CRAZY
2. TIE YOUR MOTHER DOWN
3. FAT BOTTOMED GIRLS
4. ANOTHER ONE BITES THE DUST
5. WE WILL ROCK YOU
6. WE ARE THE CHAMPIONS
7. RADIO GA GA
8. BOHEMIAN RHAPSODY
9. I''M IN LOVE WITH MY CAR
10. I WANT IT ALL
11. THE SHOW MUST GO ON', '13-JUN-25', 11, 10, 0);
INSERT INTO CD VALUES ('CD005', 'ABBA - GOLD: GREATEST HITS', 'POP', 'POLYDOR', 22.99,
'1. DANCING QUEEN
2. KNOWING ME, KNOWING YOU
3. TAKE A CHANCE ON ME
4. MAMMA MIA
5. LAY ALL YOUR LOVE ON ME
6. SUPER TROUPER
7. I HAVE A DREAM
8. WINNER TAKES IT ALL
9. MONEY, MONEY, MONEY
10. S.O.S.
11. CHIQUITITA
12. FERNANDO
13. VOULEZ-VOUS
14. GIMME! GIMME! GIMME! (A MAN AFTER MIDNIGHT)
15. DOES YOUR MOTHER KNOW
16. ONE OF US
17. NAME OF THE GAME
18. THANK YOU FOR THE MUSIC
19. WATERLOO', '12-JAN-02', 19, 23, 0);
INSERT INTO CD VALUES ('CD006', 'THE ESSENTIAL BILLY JOEL (2CD)', 'ROCK', 'SONY', 24.99, 'DISC: 1
1. PIANO MAN
2. YOU''RE MY HOME
3. CAPTAIN JACK
4. THE ENTERTAINER
5. SAY GOODBYE TO HOLLYWOOD
6. MIAMI 2017 (SEEN THE LIGHTS GO OUT ON BROADWAY)
7. NEW YORK STATE OF MIND
8. SHE''S ALWAYS A WOMAN
9. MOVIN'' OUT (ANTHONY''S SONG)
10. ONLY THE GOOD DIE YOUNG
11. JUST THE WAY YOU ARE
12. HONESTY
13. MY LIFE
14. IT''S STILL ROCK AND ROLL TO ME
15. YOU MAY BE RIGHT
16. DON''T ASK ME WHY
17. SHE''S GOT A WAY
18. ALLENTOWN
DISC: 2
1. GOODNIGHT SAIGON
2. AN INNOCENT MAN
3. UPTOWN GIRL
4. THE LONGEST TIME
5. TELL HER ABOUT IT
6. LEAVE A TENDER MOMENT ALONE
7. A MATTER OF TRUST
8. BABY GRAND (DUET WITH RAY CHARLES)
9. I GO TO EXTREMES
10. WE DIDN''T START THE FIRE
11. LENINGRAD
12. THE DOWNEASTER "ALEXA"
13. AND SO IT GOES
14. THE RIVER OF DREAMS
15. ALL ABOUT SOUL (REMIX)
16. LULLBYE (GOODNIGHT MY ANGEL)
17. WALTZ NO. 1 (NUNLEY''S CAROUSEL) *
18. INVENTION IN C MINOR*', '02-OCT-01', 36, 18, 0);
INSERT INTO CD VALUES ('CD007', 'A NIGHT AT THE OPERA', 'ROCK', 'HOLLYWOOD RECORDS', 22.99,
'1. DEATH ON TWO LEGS (DEDICATED TO...)
2. LAZING ON A SUNDAY AFTERNOON
3. I''M IN LOVE WITH MY CAR
4. YOU''RE MY BEST FRIEND
5. ''39
6. SWEET LADY
7. SEASIDE RENDEZVOUS
8. THE PROPHET''S SONG
9. LOVE OF MY LIFE
10. GOOD COMPANY
11. BOHEMIAN RHAPSODY
12. GOD SAVE THE QUEEN', '11-JUL-26', 12, 45, 0);
INSERT INTO CD VALUES ('CD008', 'EVEN IN THE QUIETEST MOMENTS...(REMAST.)', 'POP', 'A&M', 11.99,
'1. GIVE A LITTLE BIT
2. LOVER BOY
3. EVEN IN THE QUIETEST MOMENTS
4. DOWNSTREAM
5. BABAJI
6. FROM NOW ON
7. FOOL''S OVERTURE', '03-JUN-17', 7, 5, 0);
INSERT INTO CD VALUES ('CD009', 'EVOLVE', 'ROCK', 'INTERSCOPE', 17.99,
'1. I DON''T KNOW WHY
2. WHATEVER IT TAKES
3. BELIEVER
4. WALKING THE WIRE
5. RISE UP
6. I''LL MAKE IT UP TO YOU
7. YESTERDAY
8. MOUTH OF THE RIVER
9. THUNDER
10. START OVER
11. DANCING IN THE DARK', '17-JUN-23', 11, 45, 1);
INSERT INTO CD VALUES ('CD010', 'ORIGINS - DELUXE EDITION', 'ROCK', 'INTERSCOPE', 22.99,
'1. NATURAL
2. BOOMERANG
3. MACHINE
4. COOL OUT
5. BAD LIAR
6. WEST COAST
7. ZERO
8. BULLET IN A GUN
9. DIGITAL
10. ONLY
11. STUCK
12. LOVE
13. BIRDS
14. BURN OUT
15. REAL LIFE
16. BORN TO BE YOURS (WITH KYGO)', '18-NOV-09', 16, 67, 2);
INSERT INTO CD VALUES ('CD011', 'NIGHT VISIONS', 'ROCK', 'INTERSCOPE', 14.99,
'1. RADIOACTIVE
2. TIPTOE
3. IT''S TIME
4. DEMONS
5. ON TOP OF THE WORLD
6. AMSTERDAM
7. HEAR ME
8. EVERY NIGHT
9. BLEEDING OUT
10. UNDERDOG
11. NOTHING LEFT TO SAY / ROCKS', '12-SEP-04', 11, 19, 2);
INSERT INTO CD VALUES ('CD012', 'DREAM YOUR LIFE AWAY (SPECIAL ED.)', 'ROCK', 'ATLANTIC', 24.99,
'1. WINDS OF CHANGE
2. MESS IS MINE
3. WASTED TIME
4. RIPTIDE
5. WHO AM I
6. FROM AFAR
7. WE ALL DIE TRYING TO GET IT RIGHT
8. GEORGIA
9. RED EYE
10. FIRST TIME
11. ALL I EVER WANTED
12. BEST THAT I CAN
13. MY KIND OF MAN
14. FIRE AND THE FLOOD
15. STRAIGHT INTO YOUR ARMS', '15-OCT-23', 15, 37, 1);
INSERT INTO CD VALUES ('CD013', 'CLOUD NINE', 'POP', 'KYGO MUSIC', 22.99,
'1. INTRO - KYGO
2. STOLE THE SHOW - KYGO FEAT. PARSON JAMES
3. FICTION - KYGO FEAT. TOM ODELL
4. RAGING - KYGO FEAT. KODALINE
5. FIRESTONE - KYGO FEAT. CONRAD SEWELL
6. HAPPY BIRTHDAY - KYGO FEAT. JOHN LEGEND
7. I''M IN LOVE - KYGO FEAT. JAMES VINCENT MCMORROW
8. OASIS - KYGO FEAT. FOXES
9. NOT ALONE - KYGO FEAT. RHODES
10. SERIOUS - KYGO FEAT. MATT CORBY
11. STAY - KYGO FEAT. MATY NOYES
12. NOTHING LEFT - KYGO FEAT. WILL HEARD
13. FRAGILE - KYGO & LABRINTH
14. CARRY ME - KYGO FEAT. JULIA MICHAELS
15. FOR WHAT IT''S WORTH - KYGO FEAT. ANGUS & JULIA STONE', '16-MAY-20', 15, 52, 0);
INSERT INTO CD VALUES ('CD014', 'BLURRYFACE', 'ROCK', 'FUELED BY RAMEN', 22.99,
'1. HEAVYDIRTYSOUL
2. STRESSED OUT
3. RIDE
4. FAIRLY LOCAL
5. TEAR IN MY HEART
6. LANE BOY
7. THE JUDGE
8. DOUBT
9. POLARIZE
10. WE DON''T BELIEVE WHAT''S ON TV
11. MESSAGE MAN
12. HOMETOWN
13. NOT TODAY
14. GONER', '15-MAY-19', 14, 21, 1);
INSERT INTO CD VALUES ('CD015', 'X AMBASSADORS - VHS', 'ROCK', 'KIDINAKORNER/IN', 12.59,
'1. Y2K TIME CAPSULE (INTERLUDE)
2. RENEGADES
3. MOVING DAY (INTERLUDE)
4. UNSTEADY
5. HANG ON
6. GORGEOUS
7. FIRST SHOW (INTERLUDE)
8. FEAR - (FEATURING IMAGINE DRAGONS)
9. SMOKE (INTERLUDE)
10. NERVOUS
11. LOW LIFE - (FEATURING JAMIE N COMMONS)
12. ADAM & NOAH''S PRIORITIES (INTERLUDE)
13. B.I.G.
14. FEATHER
15. SUPERPOWER
16. LOVELESS
17. JUNGLE - (FEATURING JAMIE N COMMONS)
18. GOOD NEWS ON THE REMIX (INTERLUDE)
19. NAKED
20. VHS OUTRO (INTERLUDE)', '15-JUN-30', 20, 13, 1);

--> INSERTS FOR ARTIST TABLE <--
INSERT INTO ARTISTS VALUES ('A0001', 'ELTON JOHN');
INSERT INTO ARTISTS VALUES ('A0002', 'QUEEN');
INSERT INTO ARTISTS VALUES ('A0003', 'PINK FLOYD');
INSERT INTO ARTISTS VALUES ('A0004', 'ABBA');
INSERT INTO ARTISTS VALUES ('A0005', 'BILLY JOEL');
INSERT INTO ARTISTS VALUES ('A0006', 'SUPERTRAMP');
INSERT INTO ARTISTS VALUES ('A0007', 'IMAGINE DRAGONS');
INSERT INTO ARTISTS VALUES ('A0008', 'VANCE JOY');
INSERT INTO ARTISTS VALUES ('A0009', 'KYGO');
INSERT INTO ARTISTS VALUES ('A0010', 'TWENTY ONE PILOTS');
INSERT INTO ARTISTS VALUES ('A0011', 'X AMBASSADORS');

--> INSERTS FOR CUSTOMER TABLE <--
--INSERT INTO CUSTOMERS VALUES (CUSTOMERPK_SEQ.nextval, 'JOJOXX23', '1234567890',  , 'JOJO', 'JOJOTHEBEST@EMAIL.COM', '5145556666', '123 A STREET', 'CANADA', '00-MAR-16');
--INSERT INTO CUSTOMERS VALUES (CUSTOMERPK_SEQ.nextval, 'BOB123', '0987654321', 'BOB', 'BOBTHETRASH@EMAIL.COM', '5145268976', '974 NOWHERE STREET', 'US', '89-MAY-24');
--INSERT INTO CUSTOMERS VALUES (CUSTOMERPK_SEQ.nextval, 'EAT-652', 'UisndaibdJSN224', 'EATAN', 'YEETTER@EMAIL.COM', '5146240989', '2 BLOB STREET', 'CANADA', '02-SEP-21');
--INSERT INTO CUSTOMERS VALUES (CUSTOMERPK_SEQ.nextval, 'MYNANEISADA', 'NOTMYPASSWORD123', 'ADA','LITTLEADA@EMAIL.COM', '5144327689', '98 ELM STREET', 'CANADA', '99-OCT-30');
--INSERT INTO CUSTOMERS VALUES (CUSTOMERPK_SEQ.nextval, 'JOWAW', 'hgfvJCFRYGKH12?', 'JOAO', 'JOJOTHEBEST@EMAIL.COM', '5143216745', '2543 MEOW STREET', 'CANADA', '00-MAR-02');

--> INSERTS FOR CD_ARTISTS TABLE <--
INSERT INTO CD_ARTISTS VALUES ('CD001', 'A0001');
INSERT INTO CD_ARTISTS VALUES ('CD002', 'A0002');
INSERT INTO CD_ARTISTS VALUES ('CD003', 'A0003');
INSERT INTO CD_ARTISTS VALUES ('CD004', 'A0002');
INSERT INTO CD_ARTISTS VALUES ('CD005', 'A0004');
INSERT INTO CD_ARTISTS VALUES ('CD006', 'A0005');
INSERT INTO CD_ARTISTS VALUES ('CD007', 'A0002');
INSERT INTO CD_ARTISTS VALUES ('CD008', 'A0006');
INSERT INTO CD_ARTISTS VALUES ('CD009', 'A0007');
INSERT INTO CD_ARTISTS VALUES ('CD010', 'A0007');
INSERT INTO CD_ARTISTS VALUES ('CD011', 'A0007');
INSERT INTO CD_ARTISTS VALUES ('CD012', 'A0008');
INSERT INTO CD_ARTISTS VALUES ('CD013', 'A0009');
INSERT INTO CD_ARTISTS VALUES ('CD014', 'A0010');
INSERT INTO CD_ARTISTS VALUES ('CD015', 'A0011');

--> INSERTS FOR PROMOTIONS TABLE <--
INSERT INTO PROMOTIONS VALUES ('P0001', 'CHRISTMAS', 75);
INSERT INTO PROMOTIONS VALUES ('P0002', 'NEW YEAR', 30);
INSERT INTO PROMOTIONS VALUES ('P0003', 'WINTER SALE', 50);
INSERT INTO PROMOTIONS VALUES ('P0004', 'SUMMER SALE', 60);
INSERT INTO PROMOTIONS VALUES ('P0005', 'FALL SALE', 30);
INSERT INTO PROMOTIONS VALUES ('P0006', 'SPRING SALE', 40);
INSERT INTO PROMOTIONS VALUES ('P0007', 'BIRTHDAY', 15);

--> INSERTS FOR ORDERS TABLE <--
INSERT INTO ORDERS VALUES (ORDERSPK_SEQ.nextval, '0', '19-FEB-20', '19-MAR-04', '123 A STREET', 'CANADA', 10.00, NULL, 174.58);
INSERT INTO ORDERS VALUES (ORDERSPK_SEQ.nextval, '1', '19-AUG-22', '19-SEP-11', '974 NOWHERE STREET', 'US', 9.00, NULL, 105.54);
INSERT INTO ORDERS VALUES (ORDERSPK_SEQ.nextval, '2', '19-OCT-03', '19-OCT-16', '2 BLOB STREET', 'CANADA', 5.00, NULL, 32.18);
INSERT INTO ORDERS VALUES (ORDERSPK_SEQ.nextval, '3', '20-APR-14', '20-JUN-17', '98 ELM STREET', 'CANADA', 7.50, NULL,  44.27);
INSERT INTO ORDERS VALUES (ORDERSPK_SEQ.nextval, '4', '20-APR-25', '20-APR-26', '2543 MEOW STREET', 'CANADA', 10.00, NULL, 74.36);

--> INSERTS FOR SUPPLIERS TABLE <--
INSERT INTO SUPPLIERS VALUES ('S0001', 'THE BIG CD SUPPLIER');
INSERT INTO SUPPLIERS VALUES ('S0002', 'UNIVERSAL CD INC.');
INSERT INTO SUPPLIERS VALUES ('S0003', 'CD EVERYWHERE INC.');

--> INSERTS FOR CD_SUPPLIERS TABLE <--
INSERT INTO CD_SUPPLIERS VALUES ('CD001', 'S0001');
INSERT INTO CD_SUPPLIERS VALUES ('CD002', 'S0001');
INSERT INTO CD_SUPPLIERS VALUES ('CD003', 'S0001');
INSERT INTO CD_SUPPLIERS VALUES ('CD004', 'S0001');
INSERT INTO CD_SUPPLIERS VALUES ('CD005', 'S0001');
-----------------------------------------------
INSERT INTO CD_SUPPLIERS VALUES ('CD006', 'S0002');
INSERT INTO CD_SUPPLIERS VALUES ('CD007', 'S0002');
INSERT INTO CD_SUPPLIERS VALUES ('CD008', 'S0002');
INSERT INTO CD_SUPPLIERS VALUES ('CD009', 'S0002');
INSERT INTO CD_SUPPLIERS VALUES ('CD010', 'S0002');
-----------------------------------------------
INSERT INTO CD_SUPPLIERS VALUES ('CD011', 'S0003');
INSERT INTO CD_SUPPLIERS VALUES ('CD012', 'S0003');
INSERT INTO CD_SUPPLIERS VALUES ('CD013', 'S0003');
INSERT INTO CD_SUPPLIERS VALUES ('CD014', 'S0003');
INSERT INTO CD_SUPPLIERS VALUES ('CD015', 'S0003');

--> INSERTS FOR ORDERITEMS TABLE <--
INSERT INTO ORDERITEMS VALUES ('0', 'CD001', 2, 17.99);
INSERT INTO ORDERITEMS VALUES ('0', 'CD010', 1, 22.99);
INSERT INTO ORDERITEMS VALUES ('0', 'CD015', 2, 12.59);
--------------------------------------------------
INSERT INTO ORDERITEMS VALUES ('1', 'CD003', 1, 16.99);
INSERT INTO ORDERITEMS VALUES ('1', 'CD012', 2, 24.99);
--------------------------------------------------
INSERT INTO ORDERITEMS VALUES ('2', 'CD014', 1, 22.99);
--------------------------------------------------
INSERT INTO ORDERITEMS VALUES ('3', 'CD003', 1, 16.99);
INSERT INTO ORDERITEMS VALUES ('3', 'CD011', 1, 14.99);
--------------------------------------------------
INSERT INTO ORDERITEMS VALUES ('4', 'CD009', 1, 17.99);
INSERT INTO ORDERITEMS VALUES ('4', 'CD010', 1, 22.99);
INSERT INTO ORDERITEMS VALUES ('4', 'CD011', 1, 14.99);
